{
  "$schema": "https://go.kicad.org/pcm/schemas/v1",
  "name": "Parasitics",
  "description": "Plugin to analyze the wires in the PCB editor.",
  "description_full": "Plugin to analyze the wires in the PCB editor.",
  "identifier": "com.github.Steffen-W.KiCad-Parasitics",
  "type": "plugin",
  "author": {
    "name": "Steffen Wittemeier",
    "contact": {
      "github": "https://github.com/Steffen-W"
    }
  },
  "maintainer": {
    "name": "Steffen Wittemeier",
    "contact": {
      "github": "https://github.com/Steffen-W"
    }
  },
  "license": "GPL-3.0",
  "resources": {
    "homepage": "https://github.com/Steffen-W/parasitic"
  },
  "tags": [
    "postlayoutsimulation",
    "inductor",
    "resistor",
    "capacitor"
  ],
  "versions": [
    {
      "version": "2025.04.07",
      "status": "stable",
      "kicad_version": "8.00"
    }
  ]
}
